/*
SQLyog Community v12.4.2 (64 bit)
MySQL - 5.7.18-log : Database - obligatorio_203752
*********************************************************************
*/

/*!40101 SET NAMES utf8 */;

/*!40101 SET SQL_MODE=''*/;

/*!40014 SET @OLD_UNIQUE_CHECKS=@@UNIQUE_CHECKS, UNIQUE_CHECKS=0 */;
/*!40014 SET @OLD_FOREIGN_KEY_CHECKS=@@FOREIGN_KEY_CHECKS, FOREIGN_KEY_CHECKS=0 */;
/*!40101 SET @OLD_SQL_MODE=@@SQL_MODE, SQL_MODE='NO_AUTO_VALUE_ON_ZERO' */;
/*!40111 SET @OLD_SQL_NOTES=@@SQL_NOTES, SQL_NOTES=0 */;
CREATE DATABASE /*!32312 IF NOT EXISTS*/`obligatorio_203752` /*!40100 DEFAULT CHARACTER SET utf8 */;

USE `obligatorio_203752`;

/*Table structure for table `administradores` */

DROP TABLE IF EXISTS `administradores`;

CREATE TABLE `administradores` (
  `oid` int(11) NOT NULL,
  `nombre` varchar(20) NOT NULL,
  `nombrecompleto` varchar(60) NOT NULL,
  `password` varchar(10) NOT NULL,
  PRIMARY KEY (`nombre`)
) ENGINE=InnoDB DEFAULT CHARSET=utf8;

/*Data for the table `administradores` */

insert  into `administradores`(`oid`,`nombre`,`nombrecompleto`,`password`) values 
(5,'daniel','Daniel Sosa','pass'),
(6,'eduardo','Eduardo Cardozo','pass');

/*Table structure for table `casilleros` */

DROP TABLE IF EXISTS `casilleros`;

CREATE TABLE `casilleros` (
  `nro` int(11) NOT NULL,
  `nroMovimiento` int(11) NOT NULL,
  `oidPartida` int(11) NOT NULL,
  `mina` char(1) DEFAULT NULL,
  `color` varchar(11) NOT NULL,
  PRIMARY KEY (`nro`,`nroMovimiento`,`oidPartida`)
) ENGINE=InnoDB DEFAULT CHARSET=utf8;

/*Data for the table `casilleros` */

insert  into `casilleros`(`nro`,`nroMovimiento`,`oidPartida`,`mina`,`color`) values 
(0,0,37,NULL,'192,192,192'),
(0,0,38,NULL,'192,192,192'),
(0,0,39,NULL,'192,192,192'),
(0,0,40,NULL,'192,192,192'),
(0,0,41,NULL,'192,192,192'),
(0,0,42,NULL,'192,192,192'),
(0,0,43,NULL,'192,192,192'),
(0,0,44,NULL,'192,192,192'),
(0,0,45,NULL,'192,192,192'),
(0,0,46,NULL,'192,192,192'),
(0,0,47,NULL,'192,192,192'),
(0,0,48,NULL,'192,192,192'),
(0,0,49,NULL,'192,192,192'),
(0,0,50,NULL,'192,192,192'),
(0,0,51,NULL,'192,192,192'),
(0,0,52,NULL,'192,192,192'),
(0,0,53,NULL,'192,192,192'),
(0,0,54,NULL,'192,192,192'),
(0,0,55,NULL,'192,192,192'),
(0,0,56,NULL,'192,192,192'),
(0,0,57,NULL,'192,192,192'),
(0,0,58,NULL,'192,192,192'),
(0,0,60,NULL,'192,192,192'),
(0,0,61,NULL,'192,192,192'),
(0,0,62,NULL,'192,192,192'),
(0,1,37,NULL,'0,255,255'),
(0,1,38,NULL,'0,255,255'),
(0,1,39,NULL,'192,192,192'),
(0,1,40,NULL,'192,192,192'),
(0,1,41,'E','255,0,0'),
(0,1,42,NULL,'192,192,192'),
(0,1,43,NULL,'192,192,192'),
(0,1,44,NULL,'0,255,255'),
(0,1,45,NULL,'192,192,192'),
(0,1,46,NULL,'192,192,192'),
(0,1,47,NULL,'192,192,192'),
(0,1,48,NULL,'192,192,192'),
(0,1,49,NULL,'192,192,192'),
(0,1,50,NULL,'192,192,192'),
(0,1,51,NULL,'192,192,192'),
(0,1,52,NULL,'192,192,192'),
(0,1,53,NULL,'192,192,192'),
(0,1,54,NULL,'192,192,192'),
(0,1,55,NULL,'192,192,192'),
(0,1,56,NULL,'192,192,192'),
(0,1,57,NULL,'192,192,192'),
(0,1,58,NULL,'192,192,192'),
(0,1,60,NULL,'0,255,255'),
(0,1,61,NULL,'0,255,255'),
(0,1,62,NULL,'0,255,255'),
(0,2,37,NULL,'0,255,255'),
(0,2,38,NULL,'0,255,255'),
(0,2,40,NULL,'192,192,192'),
(0,2,44,NULL,'0,255,255'),
(0,2,49,NULL,'192,192,192'),
(0,2,60,NULL,'0,255,255'),
(0,2,61,NULL,'0,255,255'),
(0,2,62,NULL,'0,255,255'),
(0,3,37,NULL,'0,255,255'),
(0,3,38,NULL,'0,255,255'),
(0,3,40,NULL,'192,192,192'),
(0,3,44,NULL,'0,255,255'),
(0,3,60,NULL,'0,255,255'),
(0,3,61,NULL,'0,255,255'),
(0,3,62,NULL,'0,255,255'),
(0,4,37,NULL,'0,255,255'),
(0,4,38,NULL,'0,255,255'),
(0,4,40,NULL,'192,192,192'),
(0,4,62,NULL,'0,255,255'),
(0,5,38,NULL,'0,255,255'),
(0,5,40,NULL,'192,192,192'),
(0,5,62,NULL,'0,255,255'),
(0,6,38,NULL,'0,255,255'),
(0,6,40,NULL,'192,192,192'),
(0,6,62,NULL,'0,255,255'),
(0,7,38,NULL,'0,255,255'),
(0,7,40,'S','255,0,0'),
(0,8,38,NULL,'0,255,255'),
(0,9,38,NULL,'0,255,255'),
(1,0,37,NULL,'192,192,192'),
(1,0,38,NULL,'192,192,192'),
(1,0,39,NULL,'192,192,192'),
(1,0,40,NULL,'192,192,192'),
(1,0,41,NULL,'192,192,192'),
(1,0,42,NULL,'192,192,192'),
(1,0,43,NULL,'192,192,192'),
(1,0,44,NULL,'192,192,192'),
(1,0,45,NULL,'192,192,192'),
(1,0,46,NULL,'192,192,192'),
(1,0,47,NULL,'192,192,192'),
(1,0,48,NULL,'192,192,192'),
(1,0,49,NULL,'192,192,192'),
(1,0,50,NULL,'192,192,192'),
(1,0,51,NULL,'192,192,192'),
(1,0,52,NULL,'192,192,192'),
(1,0,53,NULL,'192,192,192'),
(1,0,54,NULL,'192,192,192'),
(1,0,55,NULL,'192,192,192'),
(1,0,56,NULL,'192,192,192'),
(1,0,57,NULL,'192,192,192'),
(1,0,58,NULL,'192,192,192'),
(1,0,60,NULL,'192,192,192'),
(1,0,61,NULL,'192,192,192'),
(1,0,62,NULL,'192,192,192'),
(1,1,37,NULL,'192,192,192'),
(1,1,38,NULL,'192,192,192'),
(1,1,39,NULL,'192,192,192'),
(1,1,40,NULL,'0,255,255'),
(1,1,41,NULL,'192,192,192'),
(1,1,42,NULL,'192,192,192'),
(1,1,43,'T','255,0,0'),
(1,1,44,NULL,'192,192,192'),
(1,1,45,NULL,'192,192,192'),
(1,1,46,'T','255,0,0'),
(1,1,47,NULL,'192,192,192'),
(1,1,48,'E','255,0,0'),
(1,1,49,NULL,'192,192,192'),
(1,1,50,NULL,'192,192,192'),
(1,1,51,NULL,'192,192,192'),
(1,1,52,NULL,'192,192,192'),
(1,1,53,NULL,'192,192,192'),
(1,1,54,NULL,'192,192,192'),
(1,1,55,NULL,'192,192,192'),
(1,1,56,NULL,'192,192,192'),
(1,1,57,NULL,'192,192,192'),
(1,1,58,NULL,'192,192,192'),
(1,1,60,NULL,'192,192,192'),
(1,1,61,NULL,'192,192,192'),
(1,1,62,NULL,'192,192,192'),
(1,2,37,NULL,'255,255,0'),
(1,2,38,NULL,'255,255,0'),
(1,2,40,NULL,'0,255,255'),
(1,2,44,NULL,'255,255,0'),
(1,2,49,NULL,'192,192,192'),
(1,2,60,NULL,'192,192,192'),
(1,2,61,NULL,'255,255,0'),
(1,2,62,NULL,'255,255,0'),
(1,3,37,NULL,'255,255,0'),
(1,3,38,NULL,'255,255,0'),
(1,3,40,NULL,'0,255,255'),
(1,3,44,NULL,'255,255,0'),
(1,3,60,'T','255,0,0'),
(1,3,61,NULL,'255,255,0'),
(1,3,62,NULL,'255,255,0'),
(1,4,37,NULL,'255,255,0'),
(1,4,38,NULL,'255,255,0'),
(1,4,40,NULL,'0,255,255'),
(1,4,62,NULL,'255,255,0'),
(1,5,38,NULL,'255,255,0'),
(1,5,40,NULL,'0,255,255'),
(1,5,62,NULL,'255,255,0'),
(1,6,38,NULL,'255,255,0'),
(1,6,40,NULL,'0,255,255'),
(1,6,62,NULL,'255,255,0'),
(1,7,38,NULL,'255,255,0'),
(1,7,40,NULL,'0,255,255'),
(1,8,38,NULL,'255,255,0'),
(1,9,38,NULL,'255,255,0'),
(2,0,37,NULL,'192,192,192'),
(2,0,38,NULL,'192,192,192'),
(2,0,39,NULL,'192,192,192'),
(2,0,40,NULL,'192,192,192'),
(2,0,41,NULL,'192,192,192'),
(2,0,42,NULL,'192,192,192'),
(2,0,43,NULL,'192,192,192'),
(2,0,44,NULL,'192,192,192'),
(2,0,45,NULL,'192,192,192'),
(2,0,46,NULL,'192,192,192'),
(2,0,47,NULL,'192,192,192'),
(2,0,48,NULL,'192,192,192'),
(2,0,49,NULL,'192,192,192'),
(2,0,50,NULL,'192,192,192'),
(2,0,51,NULL,'192,192,192'),
(2,0,52,NULL,'192,192,192'),
(2,0,53,NULL,'192,192,192'),
(2,0,54,NULL,'192,192,192'),
(2,0,55,NULL,'192,192,192'),
(2,0,56,NULL,'192,192,192'),
(2,0,57,NULL,'192,192,192'),
(2,0,58,NULL,'192,192,192'),
(2,0,60,NULL,'192,192,192'),
(2,0,61,NULL,'192,192,192'),
(2,0,62,NULL,'192,192,192'),
(2,1,37,NULL,'192,192,192'),
(2,1,38,NULL,'192,192,192'),
(2,1,39,NULL,'192,192,192'),
(2,1,40,NULL,'192,192,192'),
(2,1,41,NULL,'192,192,192'),
(2,1,42,NULL,'192,192,192'),
(2,1,43,NULL,'192,192,192'),
(2,1,44,NULL,'192,192,192'),
(2,1,45,NULL,'192,192,192'),
(2,1,46,NULL,'192,192,192'),
(2,1,47,NULL,'192,192,192'),
(2,1,48,NULL,'192,192,192'),
(2,1,49,NULL,'192,192,192'),
(2,1,50,NULL,'192,192,192'),
(2,1,51,NULL,'192,192,192'),
(2,1,52,NULL,'192,192,192'),
(2,1,53,NULL,'192,192,192'),
(2,1,54,NULL,'192,192,192'),
(2,1,55,NULL,'192,192,192'),
(2,1,56,NULL,'192,192,192'),
(2,1,57,NULL,'192,192,192'),
(2,1,58,'T','255,0,0'),
(2,1,60,NULL,'192,192,192'),
(2,1,61,NULL,'192,192,192'),
(2,1,62,NULL,'192,192,192'),
(2,2,37,NULL,'192,192,192'),
(2,2,38,NULL,'192,192,192'),
(2,2,40,NULL,'192,192,192'),
(2,2,44,NULL,'192,192,192'),
(2,2,49,NULL,'192,192,192'),
(2,2,60,NULL,'192,192,192'),
(2,2,61,NULL,'192,192,192'),
(2,2,62,NULL,'192,192,192'),
(2,3,37,NULL,'0,255,255'),
(2,3,38,NULL,'0,255,255'),
(2,3,40,'T','255,0,0'),
(2,3,44,'E','255,0,0'),
(2,3,60,NULL,'192,192,192'),
(2,3,61,'T','255,0,0'),
(2,3,62,NULL,'0,255,255'),
(2,4,37,NULL,'0,255,255'),
(2,4,38,NULL,'0,255,255'),
(2,4,40,'T','255,0,0'),
(2,4,62,NULL,'0,255,255'),
(2,5,38,NULL,'0,255,255'),
(2,5,40,'T','255,0,0'),
(2,5,62,NULL,'0,255,255'),
(2,6,38,NULL,'0,255,255'),
(2,6,40,'T','255,0,0'),
(2,6,62,NULL,'0,255,255'),
(2,7,38,NULL,'0,255,255'),
(2,7,40,'T','255,0,0'),
(2,8,38,NULL,'0,255,255'),
(2,9,38,NULL,'0,255,255'),
(3,0,37,NULL,'192,192,192'),
(3,0,38,NULL,'192,192,192'),
(3,0,39,NULL,'192,192,192'),
(3,0,40,NULL,'192,192,192'),
(3,0,41,NULL,'192,192,192'),
(3,0,42,NULL,'192,192,192'),
(3,0,43,NULL,'192,192,192'),
(3,0,44,NULL,'192,192,192'),
(3,0,45,NULL,'192,192,192'),
(3,0,46,NULL,'192,192,192'),
(3,0,47,NULL,'192,192,192'),
(3,0,48,NULL,'192,192,192'),
(3,0,49,NULL,'192,192,192'),
(3,0,50,NULL,'192,192,192'),
(3,0,51,NULL,'192,192,192'),
(3,0,52,NULL,'192,192,192'),
(3,0,53,NULL,'192,192,192'),
(3,0,54,NULL,'192,192,192'),
(3,0,55,NULL,'192,192,192'),
(3,0,56,NULL,'192,192,192'),
(3,0,57,NULL,'192,192,192'),
(3,0,58,NULL,'192,192,192'),
(3,0,60,NULL,'192,192,192'),
(3,0,61,NULL,'192,192,192'),
(3,0,62,NULL,'192,192,192'),
(3,1,37,NULL,'192,192,192'),
(3,1,38,NULL,'192,192,192'),
(3,1,39,'S','255,0,0'),
(3,1,40,NULL,'192,192,192'),
(3,1,41,NULL,'192,192,192'),
(3,1,42,NULL,'192,192,192'),
(3,1,43,NULL,'192,192,192'),
(3,1,44,NULL,'192,192,192'),
(3,1,45,NULL,'192,192,192'),
(3,1,46,NULL,'192,192,192'),
(3,1,47,NULL,'192,192,192'),
(3,1,48,NULL,'192,192,192'),
(3,1,49,NULL,'192,192,192'),
(3,1,50,NULL,'192,192,192'),
(3,1,51,NULL,'192,192,192'),
(3,1,52,NULL,'192,192,192'),
(3,1,53,NULL,'192,192,192'),
(3,1,54,'E','255,0,0'),
(3,1,55,NULL,'192,192,192'),
(3,1,56,NULL,'192,192,192'),
(3,1,57,NULL,'192,192,192'),
(3,1,58,NULL,'192,192,192'),
(3,1,60,NULL,'192,192,192'),
(3,1,61,NULL,'192,192,192'),
(3,1,62,NULL,'192,192,192'),
(3,2,37,NULL,'192,192,192'),
(3,2,38,NULL,'192,192,192'),
(3,2,40,NULL,'192,192,192'),
(3,2,44,NULL,'192,192,192'),
(3,2,49,NULL,'192,192,192'),
(3,2,60,NULL,'192,192,192'),
(3,2,61,NULL,'192,192,192'),
(3,2,62,NULL,'192,192,192'),
(3,3,37,NULL,'192,192,192'),
(3,3,38,NULL,'192,192,192'),
(3,3,40,NULL,'192,192,192'),
(3,3,44,NULL,'192,192,192'),
(3,3,60,NULL,'192,192,192'),
(3,3,61,NULL,'192,192,192'),
(3,3,62,NULL,'192,192,192'),
(3,4,37,'E','255,0,0'),
(3,4,38,'S','255,0,0'),
(3,4,40,'T','255,0,0'),
(3,4,62,NULL,'255,255,0'),
(3,5,38,'S','255,0,0'),
(3,5,40,'T','255,0,0'),
(3,5,62,NULL,'255,255,0'),
(3,6,38,'S','255,0,0'),
(3,6,40,'T','255,0,0'),
(3,6,62,NULL,'255,255,0'),
(3,7,38,'S','255,0,0'),
(3,7,40,'T','255,0,0'),
(3,8,38,'S','255,0,0'),
(3,9,38,'S','255,0,0'),
(4,0,37,NULL,'192,192,192'),
(4,0,38,NULL,'192,192,192'),
(4,0,39,NULL,'192,192,192'),
(4,0,40,NULL,'192,192,192'),
(4,0,41,NULL,'192,192,192'),
(4,0,42,NULL,'192,192,192'),
(4,0,43,NULL,'192,192,192'),
(4,0,44,NULL,'192,192,192'),
(4,0,45,NULL,'192,192,192'),
(4,0,46,NULL,'192,192,192'),
(4,0,47,NULL,'192,192,192'),
(4,0,48,NULL,'192,192,192'),
(4,0,49,NULL,'192,192,192'),
(4,0,50,NULL,'192,192,192'),
(4,0,51,NULL,'192,192,192'),
(4,0,52,NULL,'192,192,192'),
(4,0,53,NULL,'192,192,192'),
(4,0,54,NULL,'192,192,192'),
(4,0,55,NULL,'192,192,192'),
(4,0,56,NULL,'192,192,192'),
(4,0,57,NULL,'192,192,192'),
(4,0,58,NULL,'192,192,192'),
(4,0,60,NULL,'192,192,192'),
(4,0,61,NULL,'192,192,192'),
(4,0,62,NULL,'192,192,192'),
(4,1,37,NULL,'192,192,192'),
(4,1,38,NULL,'192,192,192'),
(4,1,39,NULL,'192,192,192'),
(4,1,40,NULL,'192,192,192'),
(4,1,41,NULL,'192,192,192'),
(4,1,42,NULL,'192,192,192'),
(4,1,43,NULL,'192,192,192'),
(4,1,44,NULL,'192,192,192'),
(4,1,45,NULL,'192,192,192'),
(4,1,46,NULL,'192,192,192'),
(4,1,47,'T','255,0,0'),
(4,1,48,NULL,'192,192,192'),
(4,1,49,NULL,'192,192,192'),
(4,1,50,NULL,'192,192,192'),
(4,1,51,NULL,'192,192,192'),
(4,1,52,'T','255,0,0'),
(4,1,53,NULL,'192,192,192'),
(4,1,54,NULL,'192,192,192'),
(4,1,55,NULL,'192,192,192'),
(4,1,56,NULL,'192,192,192'),
(4,1,57,NULL,'192,192,192'),
(4,1,58,NULL,'192,192,192'),
(4,1,60,NULL,'192,192,192'),
(4,1,61,NULL,'192,192,192'),
(4,1,62,NULL,'192,192,192'),
(4,2,37,NULL,'192,192,192'),
(4,2,38,NULL,'192,192,192'),
(4,2,40,NULL,'255,255,0'),
(4,2,44,NULL,'192,192,192'),
(4,2,49,'T','255,0,0'),
(4,2,60,NULL,'192,192,192'),
(4,2,61,NULL,'192,192,192'),
(4,2,62,NULL,'192,192,192'),
(4,3,37,NULL,'192,192,192'),
(4,3,38,NULL,'192,192,192'),
(4,3,40,NULL,'255,255,0'),
(4,3,44,NULL,'192,192,192'),
(4,3,60,NULL,'192,192,192'),
(4,3,61,NULL,'192,192,192'),
(4,3,62,NULL,'192,192,192'),
(4,4,37,NULL,'192,192,192'),
(4,4,38,NULL,'192,192,192'),
(4,4,40,NULL,'255,255,0'),
(4,4,62,NULL,'192,192,192'),
(4,5,38,'T','255,0,0'),
(4,5,40,NULL,'255,255,0'),
(4,5,62,NULL,'0,255,255'),
(4,6,38,'T','255,0,0'),
(4,6,40,NULL,'255,255,0'),
(4,6,62,NULL,'0,255,255'),
(4,7,38,'T','255,0,0'),
(4,7,40,NULL,'255,255,0'),
(4,8,38,'T','255,0,0'),
(4,9,38,'T','255,0,0'),
(5,0,37,NULL,'192,192,192'),
(5,0,38,NULL,'192,192,192'),
(5,0,39,NULL,'192,192,192'),
(5,0,40,NULL,'192,192,192'),
(5,0,41,NULL,'192,192,192'),
(5,0,42,NULL,'192,192,192'),
(5,0,43,NULL,'192,192,192'),
(5,0,44,NULL,'192,192,192'),
(5,0,45,NULL,'192,192,192'),
(5,0,46,NULL,'192,192,192'),
(5,0,47,NULL,'192,192,192'),
(5,0,48,NULL,'192,192,192'),
(5,0,49,NULL,'192,192,192'),
(5,0,50,NULL,'192,192,192'),
(5,0,51,NULL,'192,192,192'),
(5,0,52,NULL,'192,192,192'),
(5,0,53,NULL,'192,192,192'),
(5,0,54,NULL,'192,192,192'),
(5,0,55,NULL,'192,192,192'),
(5,0,56,NULL,'192,192,192'),
(5,0,57,NULL,'192,192,192'),
(5,0,58,NULL,'192,192,192'),
(5,0,60,NULL,'192,192,192'),
(5,0,61,NULL,'192,192,192'),
(5,0,62,NULL,'192,192,192'),
(5,1,37,NULL,'192,192,192'),
(5,1,38,NULL,'192,192,192'),
(5,1,39,NULL,'192,192,192'),
(5,1,40,NULL,'192,192,192'),
(5,1,41,NULL,'192,192,192'),
(5,1,42,NULL,'192,192,192'),
(5,1,43,NULL,'192,192,192'),
(5,1,44,NULL,'192,192,192'),
(5,1,45,'S','255,0,0'),
(5,1,46,NULL,'192,192,192'),
(5,1,47,NULL,'192,192,192'),
(5,1,48,NULL,'192,192,192'),
(5,1,49,NULL,'192,192,192'),
(5,1,50,NULL,'192,192,192'),
(5,1,51,'T','255,0,0'),
(5,1,52,NULL,'192,192,192'),
(5,1,53,NULL,'192,192,192'),
(5,1,54,NULL,'192,192,192'),
(5,1,55,NULL,'192,192,192'),
(5,1,56,NULL,'192,192,192'),
(5,1,57,'E','255,0,0'),
(5,1,58,NULL,'192,192,192'),
(5,1,60,NULL,'192,192,192'),
(5,1,61,NULL,'192,192,192'),
(5,1,62,NULL,'192,192,192'),
(5,2,37,NULL,'192,192,192'),
(5,2,38,NULL,'192,192,192'),
(5,2,40,NULL,'192,192,192'),
(5,2,44,NULL,'192,192,192'),
(5,2,49,NULL,'192,192,192'),
(5,2,60,'T','255,0,0'),
(5,2,61,NULL,'192,192,192'),
(5,2,62,NULL,'192,192,192'),
(5,3,37,NULL,'192,192,192'),
(5,3,38,NULL,'192,192,192'),
(5,3,40,NULL,'192,192,192'),
(5,3,44,'T','255,0,0'),
(5,3,60,'T','255,0,0'),
(5,3,61,NULL,'192,192,192'),
(5,3,62,NULL,'192,192,192'),
(5,4,37,'T','255,0,0'),
(5,4,38,NULL,'192,192,192'),
(5,4,40,NULL,'192,192,192'),
(5,4,62,NULL,'192,192,192'),
(5,5,38,NULL,'192,192,192'),
(5,5,40,NULL,'192,192,192'),
(5,5,62,NULL,'192,192,192'),
(5,6,38,'T','255,0,0'),
(5,6,40,NULL,'192,192,192'),
(5,6,62,'E','255,0,0'),
(5,7,38,'T','255,0,0'),
(5,7,40,'E','255,0,0'),
(5,8,38,'T','255,0,0'),
(5,9,38,'T','255,0,0'),
(6,0,37,NULL,'192,192,192'),
(6,0,38,NULL,'192,192,192'),
(6,0,39,NULL,'192,192,192'),
(6,0,40,NULL,'192,192,192'),
(6,0,41,NULL,'192,192,192'),
(6,0,42,NULL,'192,192,192'),
(6,0,43,NULL,'192,192,192'),
(6,0,44,NULL,'192,192,192'),
(6,0,45,NULL,'192,192,192'),
(6,0,46,NULL,'192,192,192'),
(6,0,47,NULL,'192,192,192'),
(6,0,48,NULL,'192,192,192'),
(6,0,49,NULL,'192,192,192'),
(6,0,50,NULL,'192,192,192'),
(6,0,51,NULL,'192,192,192'),
(6,0,52,NULL,'192,192,192'),
(6,0,53,NULL,'192,192,192'),
(6,0,54,NULL,'192,192,192'),
(6,0,55,NULL,'192,192,192'),
(6,0,56,NULL,'192,192,192'),
(6,0,57,NULL,'192,192,192'),
(6,0,58,NULL,'192,192,192'),
(6,0,60,NULL,'192,192,192'),
(6,0,61,NULL,'192,192,192'),
(6,0,62,NULL,'192,192,192'),
(6,1,37,NULL,'192,192,192'),
(6,1,38,NULL,'192,192,192'),
(6,1,39,NULL,'192,192,192'),
(6,1,40,NULL,'192,192,192'),
(6,1,41,NULL,'192,192,192'),
(6,1,42,NULL,'192,192,192'),
(6,1,43,NULL,'192,192,192'),
(6,1,44,NULL,'192,192,192'),
(6,1,45,NULL,'192,192,192'),
(6,1,46,NULL,'192,192,192'),
(6,1,47,NULL,'192,192,192'),
(6,1,48,NULL,'192,192,192'),
(6,1,49,NULL,'0,255,255'),
(6,1,50,'E','255,0,0'),
(6,1,51,NULL,'192,192,192'),
(6,1,52,NULL,'192,192,192'),
(6,1,53,NULL,'192,192,192'),
(6,1,54,NULL,'192,192,192'),
(6,1,55,'E','255,0,0'),
(6,1,56,NULL,'192,192,192'),
(6,1,57,NULL,'192,192,192'),
(6,1,58,NULL,'192,192,192'),
(6,1,60,NULL,'192,192,192'),
(6,1,61,NULL,'192,192,192'),
(6,1,62,NULL,'192,192,192'),
(6,2,37,NULL,'192,192,192'),
(6,2,38,NULL,'192,192,192'),
(6,2,40,NULL,'192,192,192'),
(6,2,44,NULL,'192,192,192'),
(6,2,49,NULL,'0,255,255'),
(6,2,60,NULL,'192,192,192'),
(6,2,61,NULL,'192,192,192'),
(6,2,62,NULL,'192,192,192'),
(6,3,37,NULL,'192,192,192'),
(6,3,38,NULL,'192,192,192'),
(6,3,40,NULL,'192,192,192'),
(6,3,44,'T','255,0,0'),
(6,3,60,NULL,'192,192,192'),
(6,3,61,'S','255,0,0'),
(6,3,62,NULL,'192,192,192'),
(6,4,37,NULL,'192,192,192'),
(6,4,38,NULL,'192,192,192'),
(6,4,40,NULL,'192,192,192'),
(6,4,62,NULL,'192,192,192'),
(6,5,38,NULL,'192,192,192'),
(6,5,40,NULL,'192,192,192'),
(6,5,62,NULL,'192,192,192'),
(6,6,38,NULL,'192,192,192'),
(6,6,40,NULL,'255,255,0'),
(6,6,62,'S','255,0,0'),
(6,7,38,'T','255,0,0'),
(6,7,40,NULL,'255,255,0'),
(6,8,38,'T','255,0,0'),
(6,9,38,'T','255,0,0'),
(7,0,37,NULL,'192,192,192'),
(7,0,38,NULL,'192,192,192'),
(7,0,39,NULL,'192,192,192'),
(7,0,40,NULL,'192,192,192'),
(7,0,41,NULL,'192,192,192'),
(7,0,42,NULL,'192,192,192'),
(7,0,43,NULL,'192,192,192'),
(7,0,44,NULL,'192,192,192'),
(7,0,45,NULL,'192,192,192'),
(7,0,46,NULL,'192,192,192'),
(7,0,47,NULL,'192,192,192'),
(7,0,48,NULL,'192,192,192'),
(7,0,49,NULL,'192,192,192'),
(7,0,50,NULL,'192,192,192'),
(7,0,51,NULL,'192,192,192'),
(7,0,52,NULL,'192,192,192'),
(7,0,53,NULL,'192,192,192'),
(7,0,54,NULL,'192,192,192'),
(7,0,55,NULL,'192,192,192'),
(7,0,56,NULL,'192,192,192'),
(7,0,57,NULL,'192,192,192'),
(7,0,58,NULL,'192,192,192'),
(7,0,60,NULL,'192,192,192'),
(7,0,61,NULL,'192,192,192'),
(7,0,62,NULL,'192,192,192'),
(7,1,37,NULL,'192,192,192'),
(7,1,38,NULL,'192,192,192'),
(7,1,39,NULL,'192,192,192'),
(7,1,40,NULL,'192,192,192'),
(7,1,41,NULL,'192,192,192'),
(7,1,42,'E','255,0,0'),
(7,1,43,NULL,'192,192,192'),
(7,1,44,NULL,'192,192,192'),
(7,1,45,NULL,'192,192,192'),
(7,1,46,NULL,'192,192,192'),
(7,1,47,NULL,'192,192,192'),
(7,1,48,NULL,'192,192,192'),
(7,1,49,NULL,'192,192,192'),
(7,1,50,NULL,'192,192,192'),
(7,1,51,NULL,'192,192,192'),
(7,1,52,NULL,'192,192,192'),
(7,1,53,NULL,'192,192,192'),
(7,1,54,NULL,'192,192,192'),
(7,1,55,NULL,'192,192,192'),
(7,1,56,'E','255,0,0'),
(7,1,57,NULL,'192,192,192'),
(7,1,58,NULL,'192,192,192'),
(7,1,60,NULL,'192,192,192'),
(7,1,61,NULL,'192,192,192'),
(7,1,62,NULL,'192,192,192'),
(7,2,37,NULL,'192,192,192'),
(7,2,38,NULL,'192,192,192'),
(7,2,40,NULL,'192,192,192'),
(7,2,44,NULL,'192,192,192'),
(7,2,49,'T','255,0,0'),
(7,2,60,NULL,'192,192,192'),
(7,2,61,NULL,'192,192,192'),
(7,2,62,NULL,'192,192,192'),
(7,3,37,NULL,'192,192,192'),
(7,3,38,NULL,'192,192,192'),
(7,3,40,NULL,'192,192,192'),
(7,3,44,NULL,'192,192,192'),
(7,3,60,'E','255,0,0'),
(7,3,61,NULL,'192,192,192'),
(7,3,62,NULL,'192,192,192'),
(7,4,37,'T','255,0,0'),
(7,4,38,NULL,'192,192,192'),
(7,4,40,NULL,'192,192,192'),
(7,4,62,NULL,'192,192,192'),
(7,5,38,NULL,'192,192,192'),
(7,5,40,NULL,'192,192,192'),
(7,5,62,NULL,'192,192,192'),
(7,6,38,NULL,'192,192,192'),
(7,6,40,NULL,'192,192,192'),
(7,6,62,'E','255,0,0'),
(7,7,38,NULL,'192,192,192'),
(7,7,40,NULL,'192,192,192'),
(7,8,38,NULL,'255,255,0'),
(7,9,38,NULL,'255,255,0'),
(8,0,37,NULL,'192,192,192'),
(8,0,38,NULL,'192,192,192'),
(8,0,39,NULL,'192,192,192'),
(8,0,40,NULL,'192,192,192'),
(8,0,41,NULL,'192,192,192'),
(8,0,42,NULL,'192,192,192'),
(8,0,43,NULL,'192,192,192'),
(8,0,44,NULL,'192,192,192'),
(8,0,45,NULL,'192,192,192'),
(8,0,46,NULL,'192,192,192'),
(8,0,47,NULL,'192,192,192'),
(8,0,48,NULL,'192,192,192'),
(8,0,49,NULL,'192,192,192'),
(8,0,50,NULL,'192,192,192'),
(8,0,51,NULL,'192,192,192'),
(8,0,52,NULL,'192,192,192'),
(8,0,53,NULL,'192,192,192'),
(8,0,54,NULL,'192,192,192'),
(8,0,55,NULL,'192,192,192'),
(8,0,56,NULL,'192,192,192'),
(8,0,57,NULL,'192,192,192'),
(8,0,58,NULL,'192,192,192'),
(8,0,60,NULL,'192,192,192'),
(8,0,61,NULL,'192,192,192'),
(8,0,62,NULL,'192,192,192'),
(8,1,37,NULL,'192,192,192'),
(8,1,38,NULL,'192,192,192'),
(8,1,39,NULL,'192,192,192'),
(8,1,40,NULL,'192,192,192'),
(8,1,41,NULL,'192,192,192'),
(8,1,42,NULL,'192,192,192'),
(8,1,43,NULL,'192,192,192'),
(8,1,44,NULL,'192,192,192'),
(8,1,45,NULL,'192,192,192'),
(8,1,46,NULL,'192,192,192'),
(8,1,47,NULL,'192,192,192'),
(8,1,48,NULL,'192,192,192'),
(8,1,49,NULL,'192,192,192'),
(8,1,50,NULL,'192,192,192'),
(8,1,51,NULL,'192,192,192'),
(8,1,52,NULL,'192,192,192'),
(8,1,53,'E','255,0,0'),
(8,1,54,NULL,'192,192,192'),
(8,1,55,NULL,'192,192,192'),
(8,1,56,NULL,'192,192,192'),
(8,1,57,NULL,'192,192,192'),
(8,1,58,NULL,'192,192,192'),
(8,1,60,NULL,'192,192,192'),
(8,1,61,NULL,'192,192,192'),
(8,1,62,NULL,'192,192,192'),
(8,2,37,NULL,'192,192,192'),
(8,2,38,NULL,'192,192,192'),
(8,2,40,NULL,'192,192,192'),
(8,2,44,NULL,'192,192,192'),
(8,2,49,NULL,'192,192,192'),
(8,2,60,NULL,'192,192,192'),
(8,2,61,NULL,'192,192,192'),
(8,2,62,NULL,'192,192,192'),
(8,3,37,NULL,'192,192,192'),
(8,3,38,NULL,'192,192,192'),
(8,3,40,NULL,'192,192,192'),
(8,3,44,NULL,'192,192,192'),
(8,3,60,NULL,'192,192,192'),
(8,3,61,'T','255,0,0'),
(8,3,62,NULL,'192,192,192'),
(8,4,37,NULL,'192,192,192'),
(8,4,38,NULL,'192,192,192'),
(8,4,40,NULL,'192,192,192'),
(8,4,62,NULL,'192,192,192'),
(8,5,38,NULL,'192,192,192'),
(8,5,40,NULL,'0,255,255'),
(8,5,62,NULL,'192,192,192'),
(8,6,38,NULL,'192,192,192'),
(8,6,40,NULL,'0,255,255'),
(8,6,62,'S','255,0,0'),
(8,7,38,NULL,'192,192,192'),
(8,7,40,NULL,'0,255,255'),
(8,8,38,NULL,'192,192,192'),
(8,9,38,'E','255,0,0'),
(9,0,49,NULL,'192,192,192'),
(9,1,49,NULL,'192,192,192'),
(9,2,49,NULL,'192,192,192'),
(10,0,49,NULL,'192,192,192'),
(10,1,49,NULL,'192,192,192'),
(10,2,49,NULL,'192,192,192'),
(11,0,49,NULL,'192,192,192'),
(11,1,49,NULL,'192,192,192'),
(11,2,49,NULL,'192,192,192'),
(12,0,49,NULL,'192,192,192'),
(12,1,49,NULL,'192,192,192'),
(12,2,49,NULL,'192,192,192'),
(13,0,49,NULL,'192,192,192'),
(13,1,49,NULL,'192,192,192'),
(13,2,49,NULL,'192,192,192'),
(14,0,49,NULL,'192,192,192'),
(14,1,49,NULL,'192,192,192'),
(14,2,49,NULL,'192,192,192'),
(15,0,49,NULL,'192,192,192'),
(15,1,49,NULL,'192,192,192'),
(15,2,49,NULL,'192,192,192');

/*Table structure for table `jugadores` */

DROP TABLE IF EXISTS `jugadores`;

CREATE TABLE `jugadores` (
  `oid` int(11) NOT NULL,
  `nombre` varchar(20) NOT NULL,
  `nombrecompleto` varchar(60) NOT NULL,
  `password` varchar(10) NOT NULL,
  `saldo` float NOT NULL,
  PRIMARY KEY (`nombre`)
) ENGINE=InnoDB DEFAULT CHARSET=utf8;

/*Data for the table `jugadores` */

insert  into `jugadores`(`oid`,`nombre`,`nombrecompleto`,`password`,`saldo`) values 
(4,'angel','Angel Face','tfc',80),
(2,'marla','Marla Singer','tfc',5),
(3,'robert','Robert Paulson','tfc',117.5),
(1,'tyler','Tyler Durden','tfc',207.5);

/*Table structure for table `movimientos` */

DROP TABLE IF EXISTS `movimientos`;

CREATE TABLE `movimientos` (
  `nro` int(11) NOT NULL,
  `oidPartida` int(11) NOT NULL,
  `jugador` int(11) NOT NULL,
  `pozo` double NOT NULL,
  `numeroTurno` int(11) NOT NULL,
  PRIMARY KEY (`nro`,`oidPartida`)
) ENGINE=InnoDB DEFAULT CHARSET=utf8;

/*Data for the table `movimientos` */

insert  into `movimientos`(`nro`,`oidPartida`,`jugador`,`pozo`,`numeroTurno`) values 
(0,37,2,20,0),
(0,38,2,20,0),
(0,39,2,20,0),
(0,40,2,20,0),
(0,41,2,20,0),
(0,42,2,20,0),
(0,43,1,20,0),
(0,44,1,20,0),
(0,45,3,20,0),
(0,46,1,20,0),
(0,47,1,20,0),
(0,48,1,20,0),
(0,49,3,20,0),
(0,50,1,20,0),
(0,51,1,20,0),
(0,52,1,20,0),
(0,53,1,20,0),
(0,54,1,20,0),
(0,55,1,20,0),
(0,56,1,20,0),
(0,57,1,20,0),
(0,58,1,20,0),
(0,60,1,20,0),
(0,61,1,20,0),
(0,62,1,20,0),
(1,37,1,20,0),
(1,38,3,20,0),
(1,39,2,100,0),
(1,40,1,20,0),
(1,41,2,20,0),
(1,42,2,60,0),
(1,43,1,20,0),
(1,44,3,20,0),
(1,45,4,20,0),
(1,46,1,20,0),
(1,47,1,20,0),
(1,48,1,20,0),
(1,49,4,20,0),
(1,50,1,20,0),
(1,51,1,20,0),
(1,52,1,20,0),
(1,53,3,20,0),
(1,54,1,20,0),
(1,55,3,20,0),
(1,56,1,20,0),
(1,57,1,30,0),
(1,58,3,90,0),
(1,60,3,20,0),
(1,61,3,20,0),
(1,62,3,40,0),
(2,37,2,20,1),
(2,38,2,20,1),
(2,40,2,20,1),
(2,44,1,20,1),
(2,49,4,20,1),
(2,60,1,20,1),
(2,61,1,20,1),
(2,62,1,40,1),
(3,37,1,20,1),
(3,38,3,20,1),
(3,40,1,20,1),
(3,44,1,20,1),
(3,60,1,20,1),
(3,61,3,20,1),
(3,62,3,40,1),
(4,37,1,20,2),
(4,38,2,20,2),
(4,40,2,20,2),
(4,62,1,40,2),
(5,38,3,20,2),
(5,40,1,20,2),
(5,62,3,40,2),
(6,38,2,20,3),
(6,40,2,20,3),
(6,62,3,40,3),
(7,38,3,20,3),
(7,40,2,20,3),
(8,38,2,20,4),
(9,38,2,20,4);

/*Table structure for table `oid` */

DROP TABLE IF EXISTS `oid`;

CREATE TABLE `oid` (
  `valor` int(11) NOT NULL,
  PRIMARY KEY (`valor`)
) ENGINE=InnoDB DEFAULT CHARSET=utf8;

/*Data for the table `oid` */

insert  into `oid`(`valor`) values 
(62);

/*Table structure for table `partidas` */

DROP TABLE IF EXISTS `partidas`;

CREATE TABLE `partidas` (
  `oid` int(11) NOT NULL,
  `tamano` int(11) NOT NULL,
  `ganador` int(11) NOT NULL,
  `jugador1` int(11) NOT NULL,
  `jugador2` int(11) NOT NULL,
  PRIMARY KEY (`oid`)
) ENGINE=InnoDB DEFAULT CHARSET=utf8;

/*Data for the table `partidas` */

insert  into `partidas`(`oid`,`tamano`,`ganador`,`jugador1`,`jugador2`) values 
(37,3,2,2,1),
(38,3,3,2,3),
(39,3,1,2,1),
(40,3,1,2,1),
(41,3,1,2,1),
(42,3,1,2,1),
(43,3,3,1,3),
(44,3,3,1,3),
(45,3,3,3,4),
(46,3,3,1,3),
(47,3,3,1,3),
(48,3,3,1,3),
(49,4,3,3,4),
(50,3,3,1,3),
(51,3,3,1,3),
(52,3,3,1,3),
(53,3,1,1,3),
(54,3,3,1,3),
(55,3,1,1,3),
(56,3,3,1,3),
(57,3,3,1,3),
(58,3,1,1,3),
(60,3,3,1,3),
(61,3,1,1,3),
(62,3,1,1,3);

/*!40101 SET SQL_MODE=@OLD_SQL_MODE */;
/*!40014 SET FOREIGN_KEY_CHECKS=@OLD_FOREIGN_KEY_CHECKS */;
/*!40014 SET UNIQUE_CHECKS=@OLD_UNIQUE_CHECKS */;
/*!40111 SET SQL_NOTES=@OLD_SQL_NOTES */;
